SNO,INSTCODE,COLLEGE_NAME,TYPE,REGION,DIST,PLACE,COED,AFFL,ESTD,branch_code,OC_BOYS,OC_GIRLS,SC_BOYS,SC_GIRLS,ST_BOYS,ST_GIRLS,BCA_BOYS,BCA_GIRLS,BCB_BOYS,BCB_GIRLS,BCC_BOYS,BCC_GIRLS,BCD_BOYS,BCD_GIRLS,BCE_BOYS,BCE_GIRLS,OC_EWS_BOYS,OC_EWS_GIRLS,COLLEGE_FEE
1,JNTU01,JAWAHARLAL NEHRU TECHNOLOGICAL UNIVERSITY HYDERABAD,GOVT,HYD,HYD,HYDERABAD,COED,JNTUH,1972,CSE,1250,1180,8500,8200,12000,11500,3500,3200,4500,4200,5500,5200,6500,6200,7500,7200,2500,2300,45000
2,JNTU01,JAWAHARLAL NEHRU TECHNOLOGICAL UNIVERSITY HYDERABAD,GOVT,HYD,HYD,HYDERABAD,COED,JNTUH,1972,ECE,2500,2300,9500,9200,13000,12500,4500,4200,5500,5200,6500,6200,7500,7200,8500,8200,3500,3300,45000
3,JNTU01,JAWAHARLAL NEHRU TECHNOLOGICAL UNIVERSITY HYDERABAD,GOVT,HYD,HYD,HYDERABAD,COED,JNTUH,1972,EEE,3500,3200,10500,10200,14000,13500,5500,5200,6500,6200,7500,7200,8500,8200,9500,9200,4500,4200,45000
4,JNTU01,JAWAHARLAL NEHRU TECHNOLOGICAL UNIVERSITY HYDERABAD,GOVT,HYD,HYD,HYDERABAD,COED,JNTUH,1972,MECH,4500,4200,11500,11200,15000,14500,6500,6200,7500,7200,8500,8200,9500,9200,10500,10200,5500,5200,45000
5,JNTU01,JAWAHARLAL NEHRU TECHNOLOGICAL UNIVERSITY HYDERABAD,GOVT,HYD,HYD,HYDERABAD,COED,JNTUH,1972,CIVIL,5500,5200,12500,12200,16000,15500,7500,7200,8500,8200,9500,9200,10500,10200,11500,11200,6500,6200,45000
6,OSMA01,OSMANIA UNIVERSITY COLLEGE OF ENGINEERING,GOVT,HYD,HYD,HYDERABAD,COED,OU,1929,CSE,1800,1650,9000,8700,12500,12000,4000,3700,5000,4700,6000,5700,7000,6700,8000,7700,3000,2800,42000
7,OSMA01,OSMANIA UNIVERSITY COLLEGE OF ENGINEERING,GOVT,HYD,HYD,HYDERABAD,COED,OU,1929,ECE,3000,2800,10000,9700,13500,13000,5000,4700,6000,5700,7000,6700,8000,7700,9000,8700,4000,3700,42000
8,OSMA01,OSMANIA UNIVERSITY COLLEGE OF ENGINEERING,GOVT,HYD,HYD,HYDERABAD,COED,OU,1929,EEE,4000,3700,11000,10700,14500,14000,6000,5700,7000,6700,8000,7700,9000,8700,10000,9700,5000,4700,42000
9,OSMA01,OSMANIA UNIVERSITY COLLEGE OF ENGINEERING,GOVT,HYD,HYD,HYDERABAD,COED,OU,1929,MECH,5000,4700,12000,11700,15500,15000,7000,6700,8000,7700,9000,8700,10000,9700,11000,10700,6000,5700,42000
10,OSMA01,OSMANIA UNIVERSITY COLLEGE OF ENGINEERING,GOVT,HYD,HYD,HYDERABAD,COED,OU,1929,CIVIL,6000,5700,13000,12700,16500,16000,8000,7700,9000,8700,10000,9700,11000,10700,12000,11700,7000,6700,42000
11,VNIT01,VIGNAN INSTITUTE OF TECHNOLOGY AND SCIENCE,PVT,HYD,RR,DESHMUKHI,COED,JNTUH,2004,CSE,15000,14500,25000,24500,35000,34500,18000,17500,20000,19500,22000,21500,24000,23500,26000,25500,16000,15500,185000
12,VNIT01,VIGNAN INSTITUTE OF TECHNOLOGY AND SCIENCE,PVT,HYD,RR,DESHMUKHI,COED,JNTUH,2004,ECE,18000,17500,28000,27500,38000,37500,21000,20500,23000,22500,25000,24500,27000,26500,29000,28500,19000,18500,185000
13,VNIT01,VIGNAN INSTITUTE OF TECHNOLOGY AND SCIENCE,PVT,HYD,RR,DESHMUKHI,COED,JNTUH,2004,EEE,20000,19500,30000,29500,40000,39500,23000,22500,25000,24500,27000,26500,29000,28500,31000,30500,21000,20500,185000
14,VNIT01,VIGNAN INSTITUTE OF TECHNOLOGY AND SCIENCE,PVT,HYD,RR,DESHMUKHI,COED,JNTUH,2004,MECH,22000,21500,32000,31500,42000,41500,25000,24500,27000,26500,29000,28500,31000,30500,33000,32500,23000,22500,185000
15,VNIT01,VIGNAN INSTITUTE OF TECHNOLOGY AND SCIENCE,PVT,HYD,RR,DESHMUKHI,COED,JNTUH,2004,CIVIL,25000,24500,35000,34500,45000,44500,28000,27500,30000,29500,32000,31500,34000,33500,36000,35500,26000,25500,185000
16,CVRCE,CVR COLLEGE OF ENGINEERING,PVT,HYD,RR,IBRAHIMPATNAM,COED,JNTUH,2001,CSE,12000,11500,22000,21500,32000,31500,15000,14500,17000,16500,19000,18500,21000,20500,23000,22500,13000,12500,165000
17,CVRCE,CVR COLLEGE OF ENGINEERING,PVT,HYD,RR,IBRAHIMPATNAM,COED,JNTUH,2001,ECE,15000,14500,25000,24500,35000,34500,18000,17500,20000,19500,22000,21500,24000,23500,26000,25500,16000,15500,165000
18,CVRCE,CVR COLLEGE OF ENGINEERING,PVT,HYD,RR,IBRAHIMPATNAM,COED,JNTUH,2001,EEE,17000,16500,27000,26500,37000,36500,20000,19500,22000,21500,24000,23500,26000,25500,28000,27500,18000,17500,165000
19,CVRCE,CVR COLLEGE OF ENGINEERING,PVT,HYD,RR,IBRAHIMPATNAM,COED,JNTUH,2001,MECH,19000,18500,29000,28500,39000,38500,22000,21500,24000,23500,26000,25500,28000,27500,30000,29500,20000,19500,165000
20,CVRCE,CVR COLLEGE OF ENGINEERING,PVT,HYD,RR,IBRAHIMPATNAM,COED,JNTUH,2001,CIVIL,22000,21500,32000,31500,42000,41500,25000,24500,27000,26500,29000,28500,31000,30500,33000,32500,23000,22500,165000
21,MGIT01,MAHATMA GANDHI INSTITUTE OF TECHNOLOGY,PVT,HYD,HYD,GANDIPET,COED,JNTUH,1998,CSE,20000,19500,30000,29500,40000,39500,23000,22500,25000,24500,27000,26500,29000,28500,31000,30500,21000,20500,175000
22,MGIT01,MAHATMA GANDHI INSTITUTE OF TECHNOLOGY,PVT,HYD,HYD,GANDIPET,COED,JNTUH,1998,ECE,23000,22500,33000,32500,43000,42500,26000,25500,28000,27500,30000,29500,32000,31500,34000,33500,24000,23500,175000
23,MGIT01,MAHATMA GANDHI INSTITUTE OF TECHNOLOGY,PVT,HYD,HYD,GANDIPET,COED,JNTUH,1998,IT,25000,24500,35000,34500,45000,44500,28000,27500,30000,29500,32000,31500,34000,33500,36000,35500,26000,25500,175000
24,VBIT01,VIGNANA BHARATHI INSTITUTE OF TECHNOLOGY,PVT,HYD,RR,AUSHAPUR,COED,JNTUH,2007,CSE,35000,34500,45000,44500,55000,54500,38000,37500,40000,39500,42000,41500,44000,43500,46000,45500,36000,35500,155000
25,VBIT01,VIGNANA BHARATHI INSTITUTE OF TECHNOLOGY,PVT,HYD,RR,AUSHAPUR,COED,JNTUH,2007,ECE,38000,37500,48000,47500,58000,57500,41000,40500,43000,42500,45000,44500,47000,46500,49000,48500,39000,38500,155000